x,y,z,heading,time
378620.18322427187,3853366.6120329406,0,0,0
378620.18322427187,3853366.6120329406,0,0,0
378620.18322427187,3853366.6120329406,0,0,0
378620.16693676455,3853366.618896479,0,0,0
378620.172669465,3853366.6185083813,0,0,0
378620.172669465,3853366.6185083813,0,0,0
378620.17154986615,3853366.617829906,0,0,0
378620.17154986615,3853366.617829906,0,0,0
378620.17907008773,3853366.6139520127,0,0,0
378620.17907008773,3853366.6139520127,0,0,0
378620.17195838445,3853366.6135375295,0,0,0
378620.17195838445,3853366.6135375295,0,0,0
378620.183546557,3853366.61287822,0,0,0
378620.183546557,3853366.61287822,0,0,0
378620.1834061029,3853366.608761642,0,0,0
378620.1834061029,3853366.608761642,0,0,0
378620.1744150756,3853366.6112597934,0,0,0
378620.1744150756,3853366.6112597934,0,0,0
378620.17154257285,3853366.6173123815,0,0,0
378620.17154257285,3853366.6173123815,0,0,0
378620.17237283534,3853366.6142833075,0,0,0
378620.17237283534,3853366.6142833075,0,0,0
378620.1979673253,3853366.5959134796,0,0,0
378620.1979673253,3853366.5959134796,0,0,0
378620.1859702719,3853366.598334356,0,0,0
378620.1859702719,3853366.598334356,0,0,0
378620.19394143537,3853366.5920315348,0,0,0
378620.19394143537,3853366.5920315348,0,0,0
378620.19714805635,3853366.595315611,0,0,0
378620.19714805635,3853366.595315611,0,0,0
378620.19548389094,3853366.5979151544,0,0,0
378620.19548389094,3853366.5979151544,0,0,0
378620.1918748527,3853366.5992884473,0,0,0
378620.1918748527,3853366.5992884473,0,0,0
378620.1833850722,3853366.6092418847,0,0,0
378620.1833850722,3853366.6092418847,0,0,0
378620.1975665303,3853366.609415042,0,0,0
378620.1975665303,3853366.609415042,0,0,0
378620.2170642448,3853366.6256787963,0,0,0
378620.2170642448,3853366.6256787963,0,0,0
378620.2584844057,3853366.626708474,0,0,0
378620.2584844057,3853366.626708474,0,0,0
378620.29668024863,3853366.640967057,0,0,0
378620.29668024863,3853366.640967057,0,0,0
378620.3325271715,3853366.6741357325,0,0,0
378620.3325271715,3853366.6741357325,0,0,0
378620.40094712505,3853366.6840222883,0,0,0
378620.40094712505,3853366.6840222883,0,0,0
378620.46059052204,3853366.698704486,0,0,0
378620.46059052204,3853366.698704486,0,0,0
378620.53612629586,3853366.704876053,0,0,0
378620.53612629586,3853366.704876053,0,0,0
378620.578949401,3853366.7447156506,0,0,0
378620.578949401,3853366.7447156506,0,0,0
378620.6325097137,3853366.7739633354,0,0,0
378620.6325097137,3853366.7739633354,0,0,0
378620.7171619336,3853366.7939093607,0,0,0
378620.7171619336,3853366.7939093607,0,0,0
378620.77040375874,3853366.817092411,0,0,0
378620.77040375874,3853366.817092411,0,0,0
378620.86092697975,3853366.8251279434,0,0,0
378620.86092697975,3853366.8251279434,0,0,0
378620.89434342587,3853366.8587151775,0,0,0
378620.89434342587,3853366.8587151775,0,0,0
378620.95319134276,3853366.887165563,0,0,0
378620.95319134276,3853366.887165563,0,0,0
378621.03682759224,3853366.906489846,0,0,0
378621.03682759224,3853366.906489846,0,0,0
378621.1049130426,3853366.9285699977,0,0,0
378621.1049130426,3853366.9285699977,0,0,0
378621.18341064354,3853366.950100003,0,0,0
378621.18341064354,3853366.950100003,0,0,0
378621.2484781677,3853366.975724096,0,0,0
378621.2484781677,3853366.975724096,0,0,0
378621.33015885414,3853366.992889149,0,0,0
378621.33015885414,3853366.992889149,0,0,0
378621.3963120025,3853367.026113841,0,0,0
378621.3963120025,3853367.026113841,0,0,0
378621.4713576094,3853367.053229498,0,0,0
378621.4713576094,3853367.053229498,0,0,0
378621.5404807967,3853367.0787293245,0,0,0
378621.5404807967,3853367.0787293245,0,0,0
378621.6131387435,3853367.120828859,0,0,0
378621.6131387435,3853367.120828859,0,0,0
378621.69947012945,3853367.1395195476,0,0,0
378621.69947012945,3853367.1395195476,0,0,0
378621.764082304,3853367.177735446,0,0,0
378621.764082304,3853367.177735446,0,0,0
378621.84696011175,3853367.209439216,0,0,0
378621.84696011175,3853367.209439216,0,0,0
378621.9132509447,3853367.2350421553,0,0,0
378621.9132509447,3853367.2350421553,0,0,0
378621.9954763584,3853367.2590720733,0,0,0
378621.9954763584,3853367.2590720733,0,0,0
378622.07844314486,3853367.2794157756,0,0,0
378622.07844314486,3853367.2794157756,0,0,0
378622.1494589207,3853367.3132149694,0,0,0
378622.1494589207,3853367.3132149694,0,0,0
378622.24207979685,3853367.339180624,0,0,0
378622.24207979685,3853367.339180624,0,0,0
378622.3142861572,3853367.3561229417,0,0,0
378622.3142861572,3853367.3561229417,0,0,0
378622.395191796,3853367.4008343196,0,0,0
378622.395191796,3853367.4008343196,0,0,0
378622.4645614061,3853367.429103184,0,0,0
378622.4645614061,3853367.429103184,0,0,0
378622.54938140936,3853367.4608435887,0,0,0
378622.54938140936,3853367.4608435887,0,0,0
378622.6259000486,3853367.4880939014,0,0,0
378622.6259000486,3853367.4880939014,0,0,0
378622.70145890774,3853367.51103174,0,0,0
378622.70145890774,3853367.51103174,0,0,0
378622.779825453,3853367.541224751,0,0,0
378622.779825453,3853367.541224751,0,0,0
378622.85605844215,3853367.56084631,0,0,0
378622.85605844215,3853367.56084631,0,0,0
378622.94564131845,3853367.6006428585,0,0,0
378622.94564131845,3853367.6006428585,0,0,0
378623.0456242489,3853367.6409962317,0,0,0
378623.0456242489,3853367.6409962317,0,0,0
378623.13856956665,3853367.6727082715,0,0,0
378623.13856956665,3853367.6727082715,0,0,0
378623.2303919054,3853367.7060786383,0,0,0
378623.2303919054,3853367.7060786383,0,0,0
378623.33811539586,3853367.7347172415,0,0,0
378623.33811539586,3853367.7347172415,0,0,0
378623.414585356,3853367.794266877,0,0,0
378623.414585356,3853367.794266877,0,0,0
378623.52391154965,3853367.8202548106,0,0,0
378623.52391154965,3853367.8202548106,0,0,0
378623.6318114692,3853367.8295464315,0,0,0
378623.6318114692,3853367.8295464315,0,0,0
378623.72334218293,3853367.8570045386,0,0,0
378623.72334218293,3853367.8570045386,0,0,0
378623.81635075225,3853367.8947943533,0,0,0
378623.81635075225,3853367.8947943533,0,0,0
378623.9070957679,3853367.941419424,0,0,0
378623.9070957679,3853367.941419424,0,0,0
378623.9934869248,3853367.978305039,0,0,0
378623.9934869248,3853367.978305039,0,0,0
378624.11070815526,3853368.003893177,0,0,0
378624.11070815526,3853368.003893177,0,0,0
378624.18774751166,3853368.0587518606,0,0,0
378624.18774751166,3853368.0587518606,0,0,0
378624.29872356134,3853368.071783721,0,0,0
378624.29872356134,3853368.071783721,0,0,0
378624.39555153047,3853368.1042549214,0,0,0
378624.39555153047,3853368.1042549214,0,0,0
378624.4825684171,3853368.1406978625,0,0,0
378624.4825684171,3853368.1406978625,0,0,0
378624.5924505776,3853368.170619401,0,0,0
378624.5924505776,3853368.170619401,0,0,0
378624.69870726595,3853368.1955997837,0,0,0
378624.69870726595,3853368.1955997837,0,0,0
378624.7814988285,3853368.250987632,0,0,0
378624.7814988285,3853368.250987632,0,0,0
378624.8992968912,3853368.266590256,0,0,0
378624.8992968912,3853368.266590256,0,0,0
378625.0004363441,3853368.294040512,0,0,0
378625.0004363441,3853368.294040512,0,0,0
378625.10172552936,3853368.3283563866,0,0,0
378625.10172552936,3853368.3283563866,0,0,0
378625.2163045388,3853368.3515884136,0,0,0
378625.2163045388,3853368.3515884136,0,0,0
378625.32335052936,3853368.373013187,0,0,0
378625.32335052936,3853368.373013187,0,0,0
378625.4197336873,3853368.400235063,0,0,0
378625.4197336873,3853368.400235063,0,0,0
378625.52741582657,3853368.4327239906,0,0,0
378625.52741582657,3853368.4327239906,0,0,0
378625.6152238615,3853368.46578858,0,0,0
378625.6152238615,3853368.46578858,0,0,0
378625.71902428713,3853368.4891976533,0,0,0
378625.71902428713,3853368.4891976533,0,0,0
378625.8205037266,3853368.5142579754,0,0,0
378625.8205037266,3853368.5142579754,0,0,0
378625.92616318364,3853368.5510956533,0,0,0
378625.92616318364,3853368.5510956533,0,0,0
378626.0266895583,3853368.584786983,0,0,0
378626.0266895583,3853368.584786983,0,0,0
378626.12760165805,3853368.6066909595,0,0,0
378626.12760165805,3853368.6066909595,0,0,0
378626.22467557195,3853368.6367514124,0,0,0
378626.22467557195,3853368.6367514124,0,0,0
378626.331536851,3853368.6674157022,0,0,0
378626.331536851,3853368.6674157022,0,0,0
378626.43975955795,3853368.6912013553,0,0,0
378626.43975955795,3853368.6912013553,0,0,0
378626.535526752,3853368.7255181335,0,0,0
378626.535526752,3853368.7255181335,0,0,0
378626.6550692961,3853368.7446676395,0,0,0
378626.6550692961,3853368.7446676395,0,0,0
378626.750593744,3853368.7812413527,0,0,0
378626.750593744,3853368.7812413527,0,0,0
378626.8481111762,3853368.812020717,0,0,0
378626.8481111762,3853368.812020717,0,0,0
378626.95214206737,3853368.8392313775,0,0,0
378626.95214206737,3853368.8392313775,0,0,0
378627.05578460346,3853368.863440445,0,0,0
378627.05578460346,3853368.863440445,0,0,0
378627.157350256,3853368.896692705,0,0,0
378627.157350256,3853368.896692705,0,0,0
378627.2553910144,3853368.9298907598,0,0,0
378627.2553910144,3853368.9298907598,0,0,0
378627.36842379835,3853368.9602945107,0,0,0
378627.36842379835,3853368.9602945107,0,0,0
378627.4678093523,3853368.99243727,0,0,0
378627.4678093523,3853368.99243727,0,0,0
378627.57235579443,3853369.02088727,0,0,0
378627.57235579443,3853369.02088727,0,0,0
378627.6833095002,3853369.0398550592,0,0,0
378627.6833095002,3853369.0398550592,0,0,0
378627.7719970427,3853369.083749745,0,0,0
378627.7719970427,3853369.083749745,0,0,0
378627.869402777,3853369.115640263,0,0,0
378627.869402777,3853369.115640263,0,0,0
378627.9721363054,3853369.1484755427,0,0,0
378627.9721363054,3853369.1484755427,0,0,0
378628.0741405322,3853369.1828538165,0,0,0
378628.0741405322,3853369.1828538165,0,0,0
378628.18375199725,3853369.2027143165,0,0,0
378628.18375199725,3853369.2027143165,0,0,0
378628.28891873657,3853369.228311479,0,0,0
378628.28891873657,3853369.228311479,0,0,0
378628.3950198518,3853369.2642886336,0,0,0
378628.3950198518,3853369.2642886336,0,0,0
378628.50557761395,3853369.2942517768,0,0,0
378628.50557761395,3853369.2942517768,0,0,0
378628.59924767143,3853369.334019647,0,0,0
378628.59924767143,3853369.334019647,0,0,0
378628.7002102427,3853369.3789806324,0,0,0
378628.7002102427,3853369.3789806324,0,0,0
378628.81367195747,3853369.4018574785,0,0,0
378628.81367195747,3853369.4018574785,0,0,0
378628.9112570647,3853369.431851103,0,0,0
378628.9112570647,3853369.431851103,0,0,0
378629.0187123512,3853369.4634219673,0,0,0
378629.0187123512,3853369.4634219673,0,0,0
378629.1144542751,3853369.481807634,0,0,0
378629.1144542751,3853369.481807634,0,0,0
378629.209741023,3853369.528026258,0,0,0
378629.209741023,3853369.528026258,0,0,0
378629.3188114161,3853369.565870134,0,0,0
378629.3188114161,3853369.565870134,0,0,0
378629.42487526964,3853369.601833483,0,0,0
378629.42487526964,3853369.601833483,0,0,0
378629.52951114485,3853369.632131704,0,0,0
378629.52951114485,3853369.632131704,0,0,0
378629.6408253511,3853369.65279335,0,0,0
378629.6408253511,3853369.65279335,0,0,0
378629.74206501106,3853369.6944416626,0,0,0
378629.74206501106,3853369.6944416626,0,0,0
378629.8525596025,3853369.7342438065,0,0,0
378629.8525596025,3853369.7342438065,0,0,0
378629.96289059706,3853369.761203901,0,0,0
378629.96289059706,3853369.761203901,0,0,0
378630.05991535325,3853369.796445635,0,0,0
378630.05991535325,3853369.796445635,0,0,0
378630.16578144935,3853369.821937255,0,0,0
378630.16578144935,3853369.821937255,0,0,0
378630.27196631447,3853369.8561678636,0,0,0
378630.27196631447,3853369.8561678636,0,0,0
378630.35790331475,3853369.8986275424,0,0,0
378630.35790331475,3853369.8986275424,0,0,0
378630.4645682237,3853369.93084174,0,0,0
378630.4645682237,3853369.93084174,0,0,0
378630.5660474713,3853369.963695372,0,0,0
378630.5660474713,3853369.963695372,0,0,0
378630.6682649063,3853369.997620664,0,0,0
378630.6682649063,3853369.997620664,0,0,0
378630.7710145558,3853370.0275244964,0,0,0
378630.7710145558,3853370.0275244964,0,0,0
378630.8778900126,3853370.0576715353,0,0,0
378630.8778900126,3853370.0576715353,0,0,0
378630.97742417664,3853370.096010722,0,0,0
378630.97742417664,3853370.096010722,0,0,0
378631.0741775093,3853370.1397639085,0,0,0
378631.0741775093,3853370.1397639085,0,0,0
378631.1770079393,3853370.1701738457,0,0,0
378631.1770079393,3853370.1701738457,0,0,0
378631.2813523278,3853370.201820757,0,0,0
378631.2813523278,3853370.201820757,0,0,0
378631.3835913555,3853370.237519639,0,0,0
378631.3835913555,3853370.237519639,0,0,0
378631.4785845841,3853370.2703232667,0,0,0
378631.4785845841,3853370.2703232667,0,0,0
378631.58160007215,3853370.306475443,0,0,0
378631.58160007215,3853370.306475443,0,0,0
378631.6770937349,3853370.3451827075,0,0,0
378631.6770937349,3853370.3451827075,0,0,0
378631.781718764,3853370.3753452823,0,0,0
378631.781718764,3853370.3753452823,0,0,0
378631.8864085797,3853370.4066943293,0,0,0
378631.8864085797,3853370.4066943293,0,0,0
378631.9899658817,3853370.4362187833,0,0,0
378631.9899658817,3853370.4362187833,0,0,0
378632.0927542231,3853370.477164426,0,0,0
378632.0927542231,3853370.477164426,0,0,0
378632.1973701531,3853370.5109150787,0,0,0
378632.1973701531,3853370.5109150787,0,0,0
378632.29237983655,3853370.5583975255,0,0,0
378632.29237983655,3853370.5583975255,0,0,0
378632.38276775635,3853370.592737033,0,0,0
378632.38276775635,3853370.592737033,0,0,0
378632.4908450509,3853370.6260471935,0,0,0
378632.4908450509,3853370.6260471935,0,0,0
378632.5908661107,3853370.653990589,0,0,0
378632.5908661107,3853370.653990589,0,0,0
378632.7070373246,3853370.681935356,0,0,0
378632.7070373246,3853370.681935356,0,0,0
378632.8115532659,3853370.721108438,0,0,0
378632.8115532659,3853370.721108438,0,0,0
378632.9116839345,3853370.7563159224,0,0,0
378632.9116839345,3853370.7563159224,0,0,0
378633.01591310534,3853370.7909635706,0,0,0
378633.01591310534,3853370.7909635706,0,0,0
378633.01591310534,3853370.7909635706,0,0,0
378633.12780371704,3853370.822112943,0,0,0
378633.23084393074,3853370.848583511,0,0,0
378633.23084393074,3853370.848583511,0,0,0
378633.3297560384,3853370.8773637726,0,0,0
378633.3297560384,3853370.8773637726,0,0,0
378633.43306283647,3853370.905140198,0,0,0
378633.43306283647,3853370.905140198,0,0,0
378633.54023605003,3853370.9321404705,0,0,0
378633.54023605003,3853370.9321404705,0,0,0
378633.64072306233,3853370.9643537384,0,0,0
378633.64072306233,3853370.9643537384,0,0,0
378633.74054706015,3853370.9857182084,0,0,0
378633.74054706015,3853370.9857182084,0,0,0
378633.84047854523,3853371.0111318217,0,0,0
378633.84047854523,3853371.0111318217,0,0,0
378633.9540769781,3853371.032954153,0,0,0
378633.9540769781,3853371.032954153,0,0,0
378634.0518681165,3853371.058668084,0,0,0
378634.0518681165,3853371.058668084,0,0,0
378634.0518681165,3853371.058668084,0,0,0
378634.15245477896,3853371.082292046,0,0,0
378634.2584636921,3853371.1049032244,0,0,0
378634.2584636921,3853371.1049032244,0,0,0
378634.3652981802,3853371.1276970017,0,0,0
378634.3652981802,3853371.1276970017,0,0,0
378634.4689690594,3853371.149147595,0,0,0
378634.4689690594,3853371.149147595,0,0,0
378634.57733832474,3853371.167904941,0,0,0
378634.57733832474,3853371.167904941,0,0,0
378634.6777864577,3853371.18961502,0,0,0
378634.6777864577,3853371.18961502,0,0,0
378634.7901543529,3853371.204799075,0,0,0
378634.7901543529,3853371.204799075,0,0,0
378634.8904907025,3853371.226710033,0,0,0
378634.8904907025,3853371.226710033,0,0,0
378634.9908997335,3853371.2445120136,0,0,0
378634.9908997335,3853371.2445120136,0,0,0
378635.0977833137,3853371.258010967,0,0,0
378635.0977833137,3853371.258010967,0,0,0
378635.2038501648,3853371.2745455443,0,0,0
378635.2038501648,3853371.2745455443,0,0,0
378635.31234197324,3853371.2827226887,0,0,0
378635.31234197324,3853371.2827226887,0,0,0
378635.4171368339,3853371.292418687,0,0,0
378635.4171368339,3853371.292418687,0,0,0
378635.52500405116,3853371.313151633,0,0,0
378635.52500405116,3853371.313151633,0,0,0
378635.6307834803,3853371.317810158,0,0,0
378635.6307834803,3853371.317810158,0,0,0
378635.7311439876,3853371.328948859,0,0,0
378635.7311439876,3853371.328948859,0,0,0
378635.83973346616,3853371.3169578593,0,0,0
378635.83973346616,3853371.3169578593,0,0,0
378635.95015480334,3853371.31470007,0,0,0
378635.95015480334,3853371.31470007,0,0,0
378636.0561704212,3853371.3111062828,0,0,0
378636.0561704212,3853371.3111062828,0,0,0
378636.16612038313,3853371.3209945983,0,0,0
378636.16612038313,3853371.3209945983,0,0,0
378636.27881192556,3853371.3067855774,0,0,0
378636.27881192556,3853371.3067855774,0,0,0
378636.38065203204,3853371.3119230247,0,0,0
378636.38065203204,3853371.3119230247,0,0,0
378636.49353078863,3853371.3038319545,0,0,0
378636.49353078863,3853371.3038319545,0,0,0
378636.49353078863,3853371.3038319545,0,0,0
378636.60692882177,3853371.289763361,0,0,0
378636.7132840968,3853371.272136341,0,0,0
378636.7132840968,3853371.272136341,0,0,0
378636.8192285263,3853371.253178786,0,0,0
378636.8192285263,3853371.253178786,0,0,0
378636.9233116575,3853371.236186369,0,0,0
378636.9233116575,3853371.236186369,0,0,0
378637.02407008,3853371.2067870884,0,0,0
378637.02407008,3853371.2067870884,0,0,0
378637.1256741496,3853371.182912952,0,0,0
378637.1256741496,3853371.182912952,0,0,0
378637.2313818262,3853371.162504625,0,0,0
378637.2313818262,3853371.162504625,0,0,0
378637.34324208053,3853371.139940445,0,0,0
378637.34324208053,3853371.139940445,0,0,0
378637.44654061313,3853371.1161798653,0,0,0
378637.44654061313,3853371.1161798653,0,0,0
378637.55894049787,3853371.0815751175,0,0,0
378637.55894049787,3853371.0815751175,0,0,0
378637.65977329283,3853371.042225317,0,0,0
378637.65977329283,3853371.042225317,0,0,0
378637.7633460199,3853371.0014403886,0,0,0
378637.7633460199,3853371.0014403886,0,0,0
378637.8700044981,3853370.9601173033,0,0,0
378637.8700044981,3853370.9601173033,0,0,0
378637.9709244851,3853370.9261147566,0,0,0
378637.9709244851,3853370.9261147566,0,0,0
378638.06903305324,3853370.876884363,0,0,0
378638.06903305324,3853370.876884363,0,0,0
378638.15719389875,3853370.825215836,0,0,0
378638.15719389875,3853370.825215836,0,0,0
378638.25563314825,3853370.7612943025,0,0,0
378638.25563314825,3853370.7612943025,0,0,0
378638.3412024873,3853370.711287583,0,0,0
378638.3412024873,3853370.711287583,0,0,0
378638.4278906247,3853370.6542326105,0,0,0
378638.4278906247,3853370.6542326105,0,0,0
378638.51976081857,3853370.5926156924,0,0,0
378638.51976081857,3853370.5926156924,0,0,0
378638.60570093605,3853370.5440034596,0,0,0
378638.60570093605,3853370.5440034596,0,0,0
378638.69752471184,3853370.4756249613,0,0,0
378638.69752471184,3853370.4756249613,0,0,0
378638.790426286,3853370.4161331127,0,0,0
378638.790426286,3853370.4161331127,0,0,0
378638.8776925077,3853370.359108531,0,0,0
378638.8776925077,3853370.359108531,0,0,0
378638.9704649087,3853370.296226541,0,0,0
378638.9704649087,3853370.296226541,0,0,0
378639.0526118672,3853370.22794164,0,0,0
378639.0526118672,3853370.22794164,0,0,0
378639.13983080967,3853370.1537025133,0,0,0
378639.13983080967,3853370.1537025133,0,0,0
378639.219375932,3853370.0805885848,0,0,0
378639.219375932,3853370.0805885848,0,0,0
378639.2924838193,3853370.0011208015,0,0,0
378639.2924838193,3853370.0011208015,0,0,0
378639.37152638333,3853369.9271248817,0,0,0
378639.37152638333,3853369.9271248817,0,0,0
378639.4497101971,3853369.829357479,0,0,0
378639.4497101971,3853369.829357479,0,0,0
378639.51394750294,3853369.74917067,0,0,0
378639.51394750294,3853369.74917067,0,0,0
378639.5861760235,3853369.662942615,0,0,0
378639.5861760235,3853369.662942615,0,0,0
378639.6531785773,3853369.5772834253,0,0,0
378639.6531785773,3853369.5772834253,0,0,0
378639.7184343972,3853369.4918025294,0,0,0
378639.7184343972,3853369.4918025294,0,0,0
378639.77835139126,3853369.395548899,0,0,0
378639.77835139126,3853369.395548899,0,0,0
378639.84354317794,3853369.305289739,0,0,0
378639.84354317794,3853369.305289739,0,0,0
378639.84354317794,3853369.305289739,0,0,0
378639.91367789346,3853369.2246019566,0,0,0
378639.98111186177,3853369.142702832,0,0,0
378639.98111186177,3853369.142702832,0,0,0
378640.05845005985,3853369.057895227,0,0,0
378640.05845005985,3853369.057895227,0,0,0
378640.1248539035,3853368.971676868,0,0,0
378640.1248539035,3853368.971676868,0,0,0
378640.18982505647,3853368.884432398,0,0,0
378640.18982505647,3853368.884432398,0,0,0
378640.24790970114,3853368.7944179485,0,0,0
378640.24790970114,3853368.7944179485,0,0,0
378640.32336672634,3853368.703795384,0,0,0
378640.32336672634,3853368.703795384,0,0,0
378640.377304507,3853368.62337468,0,0,0
378640.377304507,3853368.62337468,0,0,0
378640.44359480764,3853368.545960945,0,0,0
378640.44359480764,3853368.545960945,0,0,0
378640.5124207504,3853368.4656599583,0,0,0
378640.5124207504,3853368.4656599583,0,0,0
378640.57549923146,3853368.3914751075,0,0,0
378640.57549923146,3853368.3914751075,0,0,0
378640.63169284456,3853368.304355298,0,0,0
378640.63169284456,3853368.304355298,0,0,0
378640.6986958411,3853368.210349169,0,0,0
378640.6986958411,3853368.210349169,0,0,0
378640.76632594527,3853368.135726381,0,0,0
378640.76632594527,3853368.135726381,0,0,0
378640.82996469364,3853368.0500943502,0,0,0
378640.82996469364,3853368.0500943502,0,0,0
378640.89465229434,3853367.9611428515,0,0,0
378640.89465229434,3853367.9611428515,0,0,0
378640.9730357855,3853367.881737484,0,0,0
378640.9730357855,3853367.881737484,0,0,0
378641.0446349956,3853367.79166473,0,0,0
378641.0446349956,3853367.79166473,0,0,0
378641.10663492704,3853367.7101292443,0,0,0
378641.10663492704,3853367.7101292443,0,0,0
378641.18723939057,3853367.629446757,0,0,0
378641.18723939057,3853367.629446757,0,0,0
378641.2540713906,3853367.546494322,0,0,0
378641.2540713906,3853367.546494322,0,0,0
378641.329624093,3853367.4644710682,0,0,0
378641.329624093,3853367.4644710682,0,0,0
378641.40210938605,3853367.378797801,0,0,0
378641.40210938605,3853367.378797801,0,0,0
378641.4711069206,3853367.2988401493,0,0,0
378641.4711069206,3853367.2988401493,0,0,0
378641.5468137294,3853367.226326443,0,0,0
378641.5468137294,3853367.226326443,0,0,0
378641.61212497717,3853367.132029817,0,0,0
378641.61212497717,3853367.132029817,0,0,0
378641.6778851645,3853367.052957242,0,0,0
378641.6778851645,3853367.052957242,0,0,0
378641.75876084884,3853366.966565275,0,0,0
378641.75876084884,3853366.966565275,0,0,0
378641.8276078225,3853366.887020794,0,0,0
378641.8276078225,3853366.887020794,0,0,0
378641.8930573148,3853366.8084677802,0,0,0
378641.8930573148,3853366.8084677802,0,0,0
378641.97076561424,3853366.727770938,0,0,0
378641.97076561424,3853366.727770938,0,0,0
378642.0494726214,3853366.654210471,0,0,0
378642.0494726214,3853366.654210471,0,0,0
378642.12062835065,3853366.56595058,0,0,0
378642.12062835065,3853366.56595058,0,0,0
378642.1901340222,3853366.4789579804,0,0,0
378642.1901340222,3853366.4789579804,0,0,0
378642.2700392916,3853366.3950066064,0,0,0
378642.2700392916,3853366.3950066064,0,0,0
378642.34305669344,3853366.310858708,0,0,0
378642.34305669344,3853366.310858708,0,0,0
378642.4151359905,3853366.2182924547,0,0,0
378642.4151359905,3853366.2182924547,0,0,0
378642.4765868804,3853366.143452079,0,0,0
378642.4765868804,3853366.143452079,0,0,0
378642.5686113829,3853366.0657546455,0,0,0
378642.5686113829,3853366.0657546455,0,0,0
378642.65089245106,3853365.9936311813,0,0,0
378642.65089245106,3853365.9936311813,0,0,0
378642.71293440345,3853365.908979624,0,0,0
378642.71293440345,3853365.908979624,0,0,0
378642.7879433054,3853365.8197220783,0,0,0
378642.7879433054,3853365.8197220783,0,0,0
378642.8536212445,3853365.737490108,0,0,0
378642.8536212445,3853365.737490108,0,0,0
378642.93146227277,3853365.661740881,0,0,0
378642.93146227277,3853365.661740881,0,0,0
378643.0050672587,3853365.584264914,0,0,0
378643.0050672587,3853365.584264914,0,0,0
378643.088997493,3853365.509740273,0,0,0
378643.088997493,3853365.509740273,0,0,0
378643.1729131802,3853365.435003418,0,0,0
378643.1729131802,3853365.435003418,0,0,0
378643.2432369556,3853365.352512143,0,0,0
378643.2432369556,3853365.352512143,0,0,0
378643.314994141,3853365.269287437,0,0,0
378643.314994141,3853365.269287437,0,0,0
378643.3932570773,3853365.1859057033,0,0,0
378643.3932570773,3853365.1859057033,0,0,0
378643.4642914419,3853365.109332689,0,0,0
378643.4642914419,3853365.109332689,0,0,0
378643.54217287374,3853365.032789369,0,0,0
378643.54217287374,3853365.032789369,0,0,0
378643.6247170835,3853364.961177968,0,0,0
378643.6247170835,3853364.961177968,0,0,0
378643.70284119126,3853364.880763847,0,0,0
378643.70284119126,3853364.880763847,0,0,0
378643.7783337675,3853364.804297194,0,0,0
378643.7783337675,3853364.804297194,0,0,0
378643.86116085935,3853364.7277835542,0,0,0
378643.86116085935,3853364.7277835542,0,0,0
378643.93327871175,3853364.6546826707,0,0,0
378643.93327871175,3853364.6546826707,0,0,0
378644.0011363843,3853364.572175087,0,0,0
378644.0011363843,3853364.572175087,0,0,0
378644.07487492554,3853364.4959021662,0,0,0
378644.07487492554,3853364.4959021662,0,0,0
378644.1671107252,3853364.4204577263,0,0,0
378644.1671107252,3853364.4204577263,0,0,0
378644.24404411064,3853364.35116228,0,0,0
378644.24404411064,3853364.35116228,0,0,0
378644.3197204399,3853364.2670974866,0,0,0
378644.3197204399,3853364.2670974866,0,0,0
378644.39759078843,3853364.184682019,0,0,0
378644.39759078843,3853364.184682019,0,0,0
378644.473950097,3853364.1166255777,0,0,0
378644.473950097,3853364.1166255777,0,0,0
378644.54884441535,3853364.0432770047,0,0,0
378644.54884441535,3853364.0432770047,0,0,0
378644.62873473443,3853363.957598261,0,0,0
378644.62873473443,3853363.957598261,0,0,0
378644.70236259466,3853363.8828809904,0,0,0
378644.70236259466,3853363.8828809904,0,0,0
378644.77783064614,3853363.798173607,0,0,0
378644.77783064614,3853363.798173607,0,0,0
378644.8502237092,3853363.7047877694,0,0,0
378644.8502237092,3853363.7047877694,0,0,0
378644.91250879545,3853363.618588226,0,0,0
378644.91250879545,3853363.618588226,0,0,0
378644.9973024896,3853363.543984019,0,0,0
378644.9973024896,3853363.543984019,0,0,0
378645.0817233615,3853363.4677418564,0,0,0
378645.0817233615,3853363.4677418564,0,0,0
378645.1599253397,3853363.392532734,0,0,0
378645.1599253397,3853363.392532734,0,0,0
378645.2235110528,3853363.3166078706,0,0,0
378645.2235110528,3853363.3166078706,0,0,0
378645.2957310714,3853363.224530331,0,0,0
378645.2957310714,3853363.224530331,0,0,0
378645.35646509175,3853363.1412306977,0,0,0
378645.35646509175,3853363.1412306977,0,0,0
378645.4247636246,3853363.054239678,0,0,0
378645.4247636246,3853363.054239678,0,0,0
378645.5043034367,3853362.983880712,0,0,0
378645.5043034367,3853362.983880712,0,0,0
378645.5801044782,3853362.899926474,0,0,0
378645.5801044782,3853362.899926474,0,0,0
378645.65743542486,3853362.8196278275,0,0,0
378645.65743542486,3853362.8196278275,0,0,0
378645.71839665424,3853362.7247171192,0,0,0
378645.71839665424,3853362.7247171192,0,0,0
378645.7700430148,3853362.6334398095,0,0,0
378645.7700430148,3853362.6334398095,0,0,0
378645.84191264893,3853362.545696723,0,0,0
378645.84191264893,3853362.545696723,0,0,0
378645.9111381626,3853362.459813149,0,0,0
378645.9111381626,3853362.459813149,0,0,0
378645.98050325277,3853362.373118887,0,0,0
378645.98050325277,3853362.373118887,0,0,0
378646.04139433894,3853362.2855997365,0,0,0
378646.04139433894,3853362.2855997365,0,0,0
378646.0987673228,3853362.1936784596,0,0,0
378646.0987673228,3853362.1936784596,0,0,0
378646.15342183335,3853362.1050147703,0,0,0
378646.15342183335,3853362.1050147703,0,0,0
378646.2157358082,3853362.0161645515,0,0,0
378646.2157358082,3853362.0161645515,0,0,0
378646.2798271132,3853361.9200710044,0,0,0
378646.2798271132,3853361.9200710044,0,0,0
378646.34144713887,3853361.8283051583,0,0,0
378646.34144713887,3853361.8283051583,0,0,0
378646.391220578,3853361.725167405,0,0,0
378646.391220578,3853361.725167405,0,0,0
378646.44339564117,3853361.628541588,0,0,0
378646.44339564117,3853361.628541588,0,0,0
378646.4934112001,3853361.528830858,0,0,0
378646.4934112001,3853361.528830858,0,0,0
378646.5503760745,3853361.4267938174,0,0,0
378646.5503760745,3853361.4267938174,0,0,0
378646.6021154944,3853361.326086437,0,0,0
378646.6021154944,3853361.326086437,0,0,0
378646.6520087144,3853361.219619797,0,0,0
378646.6520087144,3853361.219619797,0,0,0
378646.6785050854,3853361.12563984,0,0,0
378646.6785050854,3853361.12563984,0,0,0
378646.71188065835,3853361.0157961654,0,0,0
378646.71188065835,3853361.0157961654,0,0,0
378646.76412993786,3853360.9142737756,0,0,0
378646.76412993786,3853360.9142737756,0,0,0
378646.80852883187,3853360.8128246926,0,0,0
378646.80852883187,3853360.8128246926,0,0,0
378646.80852883187,3853360.8128246926,0,0,0
378646.83754669665,3853360.698207796,0,0,0
378646.8729597213,3853360.603477992,0,0,0
378646.8729597213,3853360.603477992,0,0,0
378646.8963304431,3853360.500910717,0,0,0
378646.8963304431,3853360.500910717,0,0,0
378646.9377850373,3853360.3933022013,0,0,0
378646.9377850373,3853360.3933022013,0,0,0
378646.9574580613,3853360.303538385,0,0,0
378646.9574580613,3853360.303538385,0,0,0
378646.992201151,3853360.1799520203,0,0,0
378646.992201151,3853360.1799520203,0,0,0
378647.01563181274,3853360.077738867,0,0,0
378647.01563181274,3853360.077738867,0,0,0
378647.0230850888,3853359.978293393,0,0,0
378647.0230850888,3853359.978293393,0,0,0
378647.033652126,3853359.8837527814,0,0,0
378647.033652126,3853359.8837527814,0,0,0
378647.0424491526,3853359.7848311053,0,0,0
378647.0424491526,3853359.7848311053,0,0,0
378647.0720205901,3853359.671531325,0,0,0
378647.0720205901,3853359.671531325,0,0,0
378647.0699218926,3853359.556874201,0,0,0
378647.0699218926,3853359.556874201,0,0,0
378647.0819171076,3853359.4434962985,0,0,0
378647.0819171076,3853359.4434962985,0,0,0
378647.070941458,3853359.3436151184,0,0,0
378647.070941458,3853359.3436151184,0,0,0
378647.0788480365,3853359.2290549227,0,0,0
378647.0788480365,3853359.2290549227,0,0,0
378647.0841618308,3853359.1204499775,0,0,0
378647.0841618308,3853359.1204499775,0,0,0
378647.0848804218,3853359.010713566,0,0,0
378647.0848804218,3853359.010713566,0,0,0
378647.07445664325,3853358.919385023,0,0,0
378647.07445664325,3853358.919385023,0,0,0
378647.0771056449,3853358.8109409297,0,0,0
378647.0771056449,3853358.8109409297,0,0,0
378647.05756234296,3853358.710971163,0,0,0
378647.05756234296,3853358.710971163,0,0,0
378647.03056545474,3853358.6079729637,0,0,0
378647.03056545474,3853358.6079729637,0,0,0
378647.0162834241,3853358.509573268,0,0,0
378647.0162834241,3853358.509573268,0,0,0
378646.98909418966,3853358.413689858,0,0,0
378646.98909418966,3853358.413689858,0,0,0
378646.9796847515,3853358.3234219677,0,0,0
378646.9796847515,3853358.3234219677,0,0,0
378646.95254099974,3853358.2188796233,0,0,0
378646.95254099974,3853358.2188796233,0,0,0
378646.92310722946,3853358.11640425,0,0,0
378646.92310722946,3853358.11640425,0,0,0
378646.9016194337,3853358.0112785473,0,0,0
378646.9016194337,3853358.0112785473,0,0,0
378646.86938359257,3853357.92795562,0,0,0
378646.86938359257,3853357.92795562,0,0,0
378646.84177266574,3853357.815719274,0,0,0
378646.84177266574,3853357.815719274,0,0,0
378646.80296142056,3853357.7181337248,0,0,0
378646.80296142056,3853357.7181337248,0,0,0
378646.7659777017,3853357.622859434,0,0,0
378646.7659777017,3853357.622859434,0,0,0
378646.7274845858,3853357.521699808,0,0,0
378646.7274845858,3853357.521699808,0,0,0
378646.6860613311,3853357.409200355,0,0,0
378646.6860613311,3853357.409200355,0,0,0
378646.6406382978,3853357.3245382444,0,0,0
378646.6406382978,3853357.3245382444,0,0,0
378646.58944650146,3853357.2363002202,0,0,0
378646.58944650146,3853357.2363002202,0,0,0
378646.54612025537,3853357.145468038,0,0,0
378646.54612025537,3853357.145468038,0,0,0
378646.5025351321,3853357.060771775,0,0,0
378646.5025351321,3853357.060771775,0,0,0
378646.5025351321,3853357.060771775,0,0,0
378646.4478007243,3853356.9753740756,0,0,0
378646.3929342078,3853356.897979904,0,0,0
378646.3929342078,3853356.897979904,0,0,0
378646.3271349144,3853356.818008035,0,0,0
378646.3271349144,3853356.818008035,0,0,0
378646.26105904183,3853356.7359797806,0,0,0
378646.26105904183,3853356.7359797806,0,0,0
378646.1950763722,3853356.659837848,0,0,0
378646.1950763722,3853356.659837848,0,0,0
378646.1345583593,3853356.5632417365,0,0,0
378646.1345583593,3853356.5632417365,0,0,0
378646.0667362596,3853356.4876736538,0,0,0
378646.0667362596,3853356.4876736538,0,0,0
378646.0070580131,3853356.406811952,0,0,0
378646.0070580131,3853356.406811952,0,0,0
378645.92958935583,3853356.3379160683,0,0,0
378645.92958935583,3853356.3379160683,0,0,0
378645.87720985274,3853356.259162175,0,0,0
378645.87720985274,3853356.259162175,0,0,0
378645.8038763864,3853356.1907449514,0,0,0
378645.8038763864,3853356.1907449514,0,0,0
378645.73279020016,3853356.115866518,0,0,0
378645.73279020016,3853356.115866518,0,0,0
378645.6568773932,3853356.052611529,0,0,0
378645.6568773932,3853356.052611529,0,0,0
378645.57914362923,3853355.989805987,0,0,0
378645.57914362923,3853355.989805987,0,0,0
378645.5032927689,3853355.925442341,0,0,0
378645.5032927689,3853355.925442341,0,0,0
378645.4239182253,3853355.856945173,0,0,0
378645.4239182253,3853355.856945173,0,0,0
378645.350335048,3853355.7931698537,0,0,0
378645.350335048,3853355.7931698537,0,0,0
378645.265300961,3853355.745583046,0,0,0
378645.265300961,3853355.745583046,0,0,0
378645.1895644628,3853355.691479271,0,0,0
378645.1895644628,3853355.691479271,0,0,0
378645.0982844902,3853355.641628818,0,0,0
378645.0982844902,3853355.641628818,0,0,0
378645.0160645966,3853355.58026455,0,0,0
378645.0160645966,3853355.58026455,0,0,0
378644.9300146682,3853355.527497528,0,0,0
378644.9300146682,3853355.527497528,0,0,0
378644.84397351654,3853355.4651753027,0,0,0
378644.84397351654,3853355.4651753027,0,0,0
378644.75892451964,3853355.4172883863,0,0,0
378644.75892451964,3853355.4172883863,0,0,0
378644.67001446546,3853355.3615142563,0,0,0
378644.67001446546,3853355.3615142563,0,0,0
378644.580135611,3853355.308366723,0,0,0
378644.580135611,3853355.308366723,0,0,0
378644.5039642301,3853355.259998222,0,0,0
378644.5039642301,3853355.259998222,0,0,0
378644.41359931335,3853355.2198914182,0,0,0
378644.41359931335,3853355.2198914182,0,0,0
378644.31586195383,3853355.177322784,0,0,0
378644.31586195383,3853355.177322784,0,0,0
378644.240381256,3853355.1315655555,0,0,0
378644.240381256,3853355.1315655555,0,0,0
378644.1452614214,3853355.09346332,0,0,0
378644.1452614214,3853355.09346332,0,0,0
378644.0549251742,3853355.0489273127,0,0,0
378644.0549251742,3853355.0489273127,0,0,0
378643.9700183177,3853354.9968541185,0,0,0
378643.9700183177,3853354.9968541185,0,0,0
378643.8803908474,3853354.9459072193,0,0,0
378643.8803908474,3853354.9459072193,0,0,0
378643.78480264614,3853354.913480039,0,0,0
378643.78480264614,3853354.913480039,0,0,0
378643.6932075574,3853354.870278721,0,0,0
378643.6932075574,3853354.870278721,0,0,0
378643.60954702087,3853354.836764733,0,0,0
378643.60954702087,3853354.836764733,0,0,0
378643.60954702087,3853354.836764733,0,0,0
378643.52719086397,3853354.797958659,0,0,0
378643.43167273025,3853354.7537440998,0,0,0
378643.43167273025,3853354.7537440998,0,0,0
378643.3486786131,3853354.7064029532,0,0,0
378643.3486786131,3853354.7064029532,0,0,0
378643.2519786927,3853354.6738267513,0,0,0
378643.2519786927,3853354.6738267513,0,0,0
378643.15671372483,3853354.63147606,0,0,0
378643.15671372483,3853354.63147606,0,0,0
378643.06421910936,3853354.6010767217,0,0,0
378643.06421910936,3853354.6010767217,0,0,0
378642.98097906646,3853354.545364683,0,0,0
378642.98097906646,3853354.545364683,0,0,0
378642.8902362968,3853354.502609392,0,0,0
378642.8902362968,3853354.502609392,0,0,0
378642.7939068978,3853354.459043664,0,0,0
378642.7939068978,3853354.459043664,0,0,0
378642.71091829485,3853354.400077934,0,0,0
378642.71091829485,3853354.400077934,0,0,0
378642.62464962446,3853354.3435689704,0,0,0
378642.62464962446,3853354.3435689704,0,0,0
378642.53400504345,3853354.3041899055,0,0,0
378642.53400504345,3853354.3041899055,0,0,0
378642.45412328566,3853354.253659309,0,0,0
378642.45412328566,3853354.253659309,0,0,0
378642.3637475866,3853354.212223211,0,0,0
378642.3637475866,3853354.212223211,0,0,0
378642.2691326967,3853354.17297965,0,0,0
378642.2691326967,3853354.17297965,0,0,0
378642.190024064,3853354.1199957356,0,0,0
378642.190024064,3853354.1199957356,0,0,0
378642.0988633567,3853354.0774516403,0,0,0
378642.0988633567,3853354.0774516403,0,0,0
378642.01601404115,3853354.0216956697,0,0,0
378642.01601404115,3853354.0216956697,0,0,0
378641.9237910315,3853353.9755717176,0,0,0
378641.9237910315,3853353.9755717176,0,0,0
378641.8325084579,3853353.928004673,0,0,0
378641.8325084579,3853353.928004673,0,0,0
378641.7512085932,3853353.8734959774,0,0,0
378641.7512085932,3853353.8734959774,0,0,0
378641.6721604668,3853353.810122827,0,0,0
378641.6721604668,3853353.810122827,0,0,0
378641.59023722773,3853353.75676219,0,0,0
378641.59023722773,3853353.75676219,0,0,0
378641.5072594726,3853353.703045916,0,0,0
378641.5072594726,3853353.703045916,0,0,0
378641.42057136534,3853353.643584008,0,0,0
378641.42057136534,3853353.643584008,0,0,0
378641.3237257587,3853353.5988375247,0,0,0
378641.3237257587,3853353.5988375247,0,0,0
378641.2387014647,3853353.5397575465,0,0,0
378641.2387014647,3853353.5397575465,0,0,0
378641.152093843,3853353.4838364483,0,0,0
378641.152093843,3853353.4838364483,0,0,0
378641.07425089355,3853353.4086367767,0,0,0
378641.07425089355,3853353.4086367767,0,0,0
378640.99801265623,3853353.345904542,0,0,0
378640.99801265623,3853353.345904542,0,0,0
378640.9161297364,3853353.2921098056,0,0,0
378640.9161297364,3853353.2921098056,0,0,0
378640.83389242145,3853353.2350697797,0,0,0
378640.83389242145,3853353.2350697797,0,0,0
378640.7468883486,3853353.1850969773,0,0,0
378640.7468883486,3853353.1850969773,0,0,0
378640.6666782872,3853353.1189097264,0,0,0
378640.6666782872,3853353.1189097264,0,0,0
378640.5963098584,3853353.0499160746,0,0,0
378640.5963098584,3853353.0499160746,0,0,0
378640.5195942153,3853352.9815782583,0,0,0
378640.5195942153,3853352.9815782583,0,0,0
378640.4431477132,3853352.9129566606,0,0,0
378640.4431477132,3853352.9129566606,0,0,0
378640.36847916676,3853352.8520202385,0,0,0
378640.36847916676,3853352.8520202385,0,0,0
378640.2972814806,3853352.790432258,0,0,0
378640.2972814806,3853352.790432258,0,0,0
378640.21337018104,3853352.7285642037,0,0,0
378640.21337018104,3853352.7285642037,0,0,0
378640.1405768243,3853352.6604815433,0,0,0
378640.1405768243,3853352.6604815433,0,0,0
378640.0705998385,3853352.5892334566,0,0,0
378640.0705998385,3853352.5892334566,0,0,0
378639.9987004249,3853352.5175448493,0,0,0
378639.9987004249,3853352.5175448493,0,0,0
378639.919866476,3853352.452543455,0,0,0
378639.919866476,3853352.452543455,0,0,0
378639.83350108174,3853352.3877968905,0,0,0
378639.83350108174,3853352.3877968905,0,0,0
378639.74964748055,3853352.3278008495,0,0,0
378639.74964748055,3853352.3278008495,0,0,0
378639.6841947244,3853352.254627359,0,0,0
378639.6841947244,3853352.254627359,0,0,0
378639.607237142,3853352.186157131,0,0,0
378639.607237142,3853352.186157131,0,0,0
378639.5233028013,3853352.12131765,0,0,0
378639.5233028013,3853352.12131765,0,0,0
378639.4534192927,3853352.0497673103,0,0,0
378639.4534192927,3853352.0497673103,0,0,0
378639.3832548662,3853351.9827141245,0,0,0
378639.3832548662,3853351.9827141245,0,0,0
378639.31142010074,3853351.908758965,0,0,0
378639.31142010074,3853351.908758965,0,0,0
378639.2368234348,3853351.8448414956,0,0,0
378639.2368234348,3853351.8448414956,0,0,0
378639.1696561179,3853351.76943327,0,0,0
378639.1696561179,3853351.76943327,0,0,0
378639.0996224866,3853351.6980295167,0,0,0
378639.0996224866,3853351.6980295167,0,0,0
378639.02608173556,3853351.630528379,0,0,0
378639.02608173556,3853351.630528379,0,0,0
378638.9496889668,3853351.56615265,0,0,0
378638.9496889668,3853351.56615265,0,0,0
378638.8804263149,3853351.497120854,0,0,0
378638.8804263149,3853351.497120854,0,0,0
378638.8057120984,3853351.4177668323,0,0,0
378638.8057120984,3853351.4177668323,0,0,0
378638.7330376803,3853351.3503911784,0,0,0
378638.7330376803,3853351.3503911784,0,0,0
378638.65706907696,3853351.2883536215,0,0,0
378638.65706907696,3853351.2883536215,0,0,0
378638.5849444879,3853351.2176012946,0,0,0
378638.5849444879,3853351.2176012946,0,0,0
378638.51539031556,3853351.1476174984,0,0,0
378638.51539031556,3853351.1476174984,0,0,0
378638.4415286324,3853351.0850101425,0,0,0
378638.4415286324,3853351.0850101425,0,0,0
378638.36687496636,3853351.020332159,0,0,0
378638.36687496636,3853351.020332159,0,0,0
378638.2875819986,3853350.9589525606,0,0,0
378638.2875819986,3853350.9589525606,0,0,0
378638.2185907772,3853350.8844428034,0,0,0
378638.2185907772,3853350.8844428034,0,0,0
378638.1404251117,3853350.8164734277,0,0,0
378638.1404251117,3853350.8164734277,0,0,0
378638.0680058871,3853350.7449629214,0,0,0
378638.0680058871,3853350.7449629214,0,0,0
378637.9933570781,3853350.6858501765,0,0,0
378637.9933570781,3853350.6858501765,0,0,0
378637.91485440056,3853350.6165920007,0,0,0
378637.91485440056,3853350.6165920007,0,0,0
378637.83698792703,3853350.5625573825,0,0,0
378637.83698792703,3853350.5625573825,0,0,0
378637.75780005014,3853350.5000839108,0,0,0
378637.75780005014,3853350.5000839108,0,0,0
378637.66522461176,3853350.4655691087,0,0,0
378637.66522461176,3853350.4655691087,0,0,0
378637.58872546104,3853350.397780862,0,0,0
378637.58872546104,3853350.397780862,0,0,0
378637.50295427645,3853350.340650097,0,0,0
378637.50295427645,3853350.340650097,0,0,0
378637.4063720696,3853350.2866446483,0,0,0
378637.4063720696,3853350.2866446483,0,0,0
378637.32497648103,3853350.2269819616,0,0,0
378637.32497648103,3853350.2269819616,0,0,0
378637.23433496425,3853350.1861852435,0,0,0
378637.23433496425,3853350.1861852435,0,0,0
378637.151832616,3853350.144869292,0,0,0
378637.151832616,3853350.144869292,0,0,0
378637.05154672015,3853350.114488244,0,0,0
378637.05154672015,3853350.114488244,0,0,0
378636.9607044547,3853350.0665119286,0,0,0
378636.9607044547,3853350.0665119286,0,0,0
378636.8710575049,3853350.0209658667,0,0,0
378636.8710575049,3853350.0209658667,0,0,0
378636.7821209546,3853349.968773343,0,0,0
378636.7821209546,3853349.968773343,0,0,0
378636.6978781911,3853349.9146289392,0,0,0
378636.6978781911,3853349.9146289392,0,0,0
378636.6025171169,3853349.8759342725,0,0,0
378636.6025171169,3853349.8759342725,0,0,0
378636.50260523893,3853349.8525721487,0,0,0
378636.50260523893,3853349.8525721487,0,0,0
378636.4134700848,3853349.8263767064,0,0,0
378636.4134700848,3853349.8263767064,0,0,0
378636.3229717329,3853349.7983105397,0,0,0
378636.3229717329,3853349.7983105397,0,0,0
378636.22642395116,3853349.7774797543,0,0,0
378636.22642395116,3853349.7774797543,0,0,0
378636.13494410284,3853349.7378086606,0,0,0
378636.13494410284,3853349.7378086606,0,0,0
378636.0392024104,3853349.7124981587,0,0,0
378636.0392024104,3853349.7124981587,0,0,0
378635.94560726976,3853349.6874281964,0,0,0
378635.94560726976,3853349.6874281964,0,0,0
378635.8467696299,3853349.6605807245,0,0,0
378635.8467696299,3853349.6605807245,0,0,0
378635.7515667313,3853349.6398490514,0,0,0
378635.7515667313,3853349.6398490514,0,0,0
378635.6603125128,3853349.6325493213,0,0,0
378635.6603125128,3853349.6325493213,0,0,0
378635.55988629616,3853349.6194899487,0,0,0
378635.55988629616,3853349.6194899487,0,0,0
378635.46104039834,3853349.6073076027,0,0,0
378635.46104039834,3853349.6073076027,0,0,0
378635.3690721674,3853349.6006716685,0,0,0
378635.3690721674,3853349.6006716685,0,0,0
378635.2733329309,3853349.594515161,0,0,0
378635.2733329309,3853349.594515161,0,0,0
378635.18302668765,3853349.588901091,0,0,0
378635.18302668765,3853349.588901091,0,0,0
378635.0905558523,3853349.57786393,0,0,0
378635.0905558523,3853349.57786393,0,0,0
378634.98247030284,3853349.56652685,0,0,0
378634.98247030284,3853349.56652685,0,0,0
378634.8857270936,3853349.562180458,0,0,0
378634.8857270936,3853349.562180458,0,0,0
378634.7826658365,3853349.5698044044,0,0,0
378634.7826658365,3853349.5698044044,0,0,0
378634.68849224126,3853349.5784306685,0,0,0
378634.68849224126,3853349.5784306685,0,0,0
378634.5864398522,3853349.588403041,0,0,0
378634.5864398522,3853349.588403041,0,0,0
378634.48195809603,3853349.622937088,0,0,0
378634.48195809603,3853349.622937088,0,0,0
378634.3801056495,3853349.6336267493,0,0,0
378634.3801056495,3853349.6336267493,0,0,0
378634.2717584193,3853349.6528566987,0,0,0
378634.2717584193,3853349.6528566987,0,0,0
378634.17945457133,3853349.6591517203,0,0,0
378634.17945457133,3853349.6591517203,0,0,0
378634.0760663005,3853349.6844400857,0,0,0
378634.0760663005,3853349.6844400857,0,0,0
378633.97737617104,3853349.7155906977,0,0,0
378633.97737617104,3853349.7155906977,0,0,0
378633.8808406524,3853349.743503749,0,0,0
378633.8808406524,3853349.743503749,0,0,0
378633.79104747396,3853349.7719942452,0,0,0
378633.79104747396,3853349.7719942452,0,0,0
378633.69680772984,3853349.794407163,0,0,0
378633.69680772984,3853349.794407163,0,0,0
378633.59648260055,3853349.8291538158,0,0,0
378633.59648260055,3853349.8291538158,0,0,0
378633.50281548576,3853349.884568952,0,0,0
378633.50281548576,3853349.884568952,0,0,0
378633.40513061394,3853349.945038624,0,0,0
378633.40513061394,3853349.945038624,0,0,0
378633.31672216894,3853349.999265603,0,0,0
378633.31672216894,3853349.999265603,0,0,0
378633.2268966408,3853350.031984047,0,0,0
378633.2268966408,3853350.031984047,0,0,0
378633.13368970953,3853350.0504357745,0,0,0
378633.13368970953,3853350.0504357745,0,0,0
378633.0463895395,3853350.1101330216,0,0,0
378633.0463895395,3853350.1101330216,0,0,0
378632.9610917882,3853350.166523088,0,0,0
378632.9610917882,3853350.166523088,0,0,0
378632.88658672996,3853350.2290392504,0,0,0
378632.88658672996,3853350.2290392504,0,0,0
378632.8172251628,3853350.265589926,0,0,0
378632.8172251628,3853350.265589926,0,0,0
378632.7297897608,3853350.345774592,0,0,0
378632.7297897608,3853350.345774592,0,0,0
378632.6473213233,3853350.3889949284,0,0,0
378632.6473213233,3853350.3889949284,0,0,0
378632.5519174936,3853350.44966004,0,0,0
378632.5519174936,3853350.44966004,0,0,0
378632.4652683009,3853350.500028394,0,0,0
378632.4652683009,3853350.500028394,0,0,0
378632.39040493354,3853350.5694664023,0,0,0
378632.39040493354,3853350.5694664023,0,0,0
378632.3157718428,3853350.630609277,0,0,0
378632.3157718428,3853350.630609277,0,0,0
378632.2291990806,3853350.695647911,0,0,0
378632.2291990806,3853350.695647911,0,0,0
378632.1501634874,3853350.7437390564,0,0,0
378632.1501634874,3853350.7437390564,0,0,0
378632.089123463,3853350.8176226895,0,0,0
378632.089123463,3853350.8176226895,0,0,0
378632.0035822879,3853350.8910085955,0,0,0
378632.0035822879,3853350.8910085955,0,0,0
378631.9226850101,3853350.961585243,0,0,0
378631.9226850101,3853350.961585243,0,0,0
378631.85328955145,3853351.024632165,0,0,0
378631.85328955145,3853351.024632165,0,0,0
378631.7829447371,3853351.0769948033,0,0,0
378631.7829447371,3853351.0769948033,0,0,0
378631.7147434206,3853351.163769177,0,0,0
378631.7147434206,3853351.163769177,0,0,0
378631.64097786875,3853351.2322107824,0,0,0
378631.64097786875,3853351.2322107824,0,0,0
378631.5680465455,3853351.301462797,0,0,0
378631.5680465455,3853351.301462797,0,0,0
378631.49167921196,3853351.3699664045,0,0,0
378631.49167921196,3853351.3699664045,0,0,0
378631.4066632034,3853351.4139782693,0,0,0
378631.4066632034,3853351.4139782693,0,0,0
378631.32456881914,3853351.4915379835,0,0,0
378631.32456881914,3853351.4915379835,0,0,0
378631.2546651898,3853351.5453071133,0,0,0
378631.2546651898,3853351.5453071133,0,0,0
378631.1674060506,3853351.6302869157,0,0,0
378631.1674060506,3853351.6302869157,0,0,0
378631.09949995356,3853351.684314172,0,0,0
378631.09949995356,3853351.684314172,0,0,0
378631.0077183292,3853351.7816246487,0,0,0
378631.0077183292,3853351.7816246487,0,0,0
378630.9367725627,3853351.83583246,0,0,0
378630.9367725627,3853351.83583246,0,0,0
378630.8594759867,3853351.9082646216,0,0,0
378630.8594759867,3853351.9082646216,0,0,0
378630.7902967153,3853351.9726833426,0,0,0
378630.7902967153,3853351.9726833426,0,0,0
378630.715091927,3853352.0367453643,0,0,0
378630.715091927,3853352.0367453643,0,0,0
378630.6229360532,3853352.1059574406,0,0,0
378630.6229360532,3853352.1059574406,0,0,0
378630.5461577123,3853352.139530564,0,0,0
378630.5461577123,3853352.139530564,0,0,0
378630.45146209595,3853352.2092492385,0,0,0
378630.45146209595,3853352.2092492385,0,0,0
378630.3724953394,3853352.2675809655,0,0,0
378630.3724953394,3853352.2675809655,0,0,0
378630.3025674939,3853352.348857292,0,0,0
378630.3025674939,3853352.348857292,0,0,0
378630.2227084875,3853352.391251462,0,0,0
378630.2227084875,3853352.391251462,0,0,0
378630.14351384185,3853352.4445515424,0,0,0
378630.14351384185,3853352.4445515424,0,0,0
378630.05797077814,3853352.5195265207,0,0,0
378630.05797077814,3853352.5195265207,0,0,0
378629.98143415863,3853352.5861624875,0,0,0
378629.98143415863,3853352.5861624875,0,0,0
378629.9075988318,3853352.6682671667,0,0,0
378629.9075988318,3853352.6682671667,0,0,0
378629.84122474014,3853352.71540276,0,0,0
378629.84122474014,3853352.71540276,0,0,0
378629.75307900313,3853352.7888305555,0,0,0
378629.75307900313,3853352.7888305555,0,0,0
378629.67821788107,3853352.832020049,0,0,0
378629.67821788107,3853352.832020049,0,0,0
378629.5972147816,3853352.8901784313,0,0,0
378629.5972147816,3853352.8901784313,0,0,0
378629.5105093541,3853352.9472544175,0,0,0
378629.5105093541,3853352.9472544175,0,0,0
378629.43254120357,3853353.026025906,0,0,0
378629.43254120357,3853353.026025906,0,0,0
378629.34669350216,3853353.0838042037,0,0,0
378629.34669350216,3853353.0838042037,0,0,0
378629.2652754246,3853353.1591530405,0,0,0
378629.2652754246,3853353.1591530405,0,0,0
378629.1794193572,3853353.2242201027,0,0,0
378629.1794193572,3853353.2242201027,0,0,0
378629.1033219313,3853353.284294626,0,0,0
378629.1033219313,3853353.284294626,0,0,0
378629.02425851446,3853353.3486078386,0,0,0
378629.02425851446,3853353.3486078386,0,0,0
378628.94829035405,3853353.4246735773,0,0,0
378628.94829035405,3853353.4246735773,0,0,0
378628.8707618101,3853353.5067135245,0,0,0
378628.8707618101,3853353.5067135245,0,0,0
378628.7910320462,3853353.561534591,0,0,0
378628.7910320462,3853353.561534591,0,0,0
378628.7188023131,3853353.616908795,0,0,0
378628.7188023131,3853353.616908795,0,0,0
378628.637199342,3853353.664937712,0,0,0
378628.637199342,3853353.664937712,0,0,0
378628.5669172678,3853353.739927735,0,0,0
378628.5669172678,3853353.739927735,0,0,0
378628.4950301975,3853353.810820861,0,0,0
378628.4950301975,3853353.810820861,0,0,0
378628.42117536085,3853353.870735961,0,0,0
378628.42117536085,3853353.870735961,0,0,0
378628.34830002283,3853353.9470843635,0,0,0
378628.34830002283,3853353.9470843635,0,0,0
378628.2633364983,3853354.0197915686,0,0,0
378628.2633364983,3853354.0197915686,0,0,0
378628.19419176417,3853354.079737735,0,0,0
378628.19419176417,3853354.079737735,0,0,0
378628.1146561725,3853354.147313545,0,0,0
378628.1146561725,3853354.147313545,0,0,0
378628.04459286836,3853354.2081345287,0,0,0
378628.04459286836,3853354.2081345287,0,0,0
378627.97519421484,3853354.2778241984,0,0,0
378627.97519421484,3853354.2778241984,0,0,0
378627.89658797526,3853354.350889022,0,0,0
378627.89658797526,3853354.350889022,0,0,0
378627.81216110766,3853354.4193151905,0,0,0
378627.81216110766,3853354.4193151905,0,0,0
378627.73381971364,3853354.493029914,0,0,0
378627.73381971364,3853354.493029914,0,0,0
378627.67254936666,3853354.5558293727,0,0,0
378627.67254936666,3853354.5558293727,0,0,0
378627.6042942515,3853354.6273278203,0,0,0
378627.6042942515,3853354.6273278203,0,0,0
378627.5226589434,3853354.693488982,0,0,0
378627.5226589434,3853354.693488982,0,0,0
378627.4535041249,3853354.7774017532,0,0,0
378627.4535041249,3853354.7774017532,0,0,0
378627.38990484853,3853354.8450940913,0,0,0
378627.38990484853,3853354.8450940913,0,0,0
378627.30378794274,3853354.9101059353,0,0,0
378627.30378794274,3853354.9101059353,0,0,0
378627.2297205785,3853354.9855489517,0,0,0
378627.2297205785,3853354.9855489517,0,0,0
378627.1602866461,3853355.036560055,0,0,0
378627.1602866461,3853355.036560055,0,0,0
378627.0926622854,3853355.1071466184,0,0,0
378627.0926622854,3853355.1071466184,0,0,0
378627.0135119242,3853355.179915459,0,0,0
378627.0135119242,3853355.179915459,0,0,0
378627.0135119242,3853355.179915459,0,0,0
378626.93732893054,3853355.2500991393,0,0,0
378626.8646137465,3853355.329891159,0,0,0
378626.8646137465,3853355.329891159,0,0,0
378626.7905571454,3853355.391674528,0,0,0
378626.7905571454,3853355.391674528,0,0,0
378626.7098817205,3853355.463813302,0,0,0
378626.7098817205,3853355.463813302,0,0,0
378626.6505607499,3853355.539740921,0,0,0
378626.6505607499,3853355.539740921,0,0,0
378626.58326963696,3853355.620576606,0,0,0
378626.58326963696,3853355.620576606,0,0,0
378626.5149223582,3853355.7022384205,0,0,0
378626.5149223582,3853355.7022384205,0,0,0
378626.4423574592,3853355.791044917,0,0,0
378626.4423574592,3853355.791044917,0,0,0
378626.3694688512,3853355.854900701,0,0,0
378626.3694688512,3853355.854900701,0,0,0
378626.29594849265,3853355.92085407,0,0,0
378626.29594849265,3853355.92085407,0,0,0
378626.22855987726,3853355.9959169053,0,0,0
378626.22855987726,3853355.9959169053,0,0,0
378626.1459824193,3853356.0662008678,0,0,0
378626.1459824193,3853356.0662008678,0,0,0
378626.0775270855,3853356.1376383654,0,0,0
378626.0775270855,3853356.1376383654,0,0,0
378626.01698021323,3853356.200355379,0,0,0
378626.01698021323,3853356.200355379,0,0,0
378625.95234602474,3853356.2751142294,0,0,0
378625.95234602474,3853356.2751142294,0,0,0
378625.8787765918,3853356.3515552497,0,0,0
378625.8787765918,3853356.3515552497,0,0,0
378625.80023382476,3853356.4303049967,0,0,0
378625.80023382476,3853356.4303049967,0,0,0
378625.7217096665,3853356.5169274895,0,0,0
378625.7217096665,3853356.5169274895,0,0,0
378625.6526270379,3853356.593867018,0,0,0
378625.6526270379,3853356.593867018,0,0,0
378625.5897838127,3853356.6606668667,0,0,0
378625.5897838127,3853356.6606668667,0,0,0
378625.53555310203,3853356.743710616,0,0,0
378625.53555310203,3853356.743710616,0,0,0
378625.4732689571,3853356.8177930154,0,0,0
378625.4732689571,3853356.8177930154,0,0,0
378625.3986676164,3853356.89186879,0,0,0
378625.3986676164,3853356.89186879,0,0,0
378625.32091031503,3853356.9543126454,0,0,0
378625.32091031503,3853356.9543126454,0,0,0
378625.25265607255,3853357.0249313996,0,0,0
378625.25265607255,3853357.0249313996,0,0,0
378625.18575745315,3853357.1047983635,0,0,0
378625.18575745315,3853357.1047983635,0,0,0
378625.1346517801,3853357.1722299904,0,0,0
378625.1346517801,3853357.1722299904,0,0,0
378625.0673980984,3853357.258745042,0,0,0
378625.0673980984,3853357.258745042,0,0,0
378625.01260571904,3853357.3368646847,0,0,0
378625.01260571904,3853357.3368646847,0,0,0
378624.94857625896,3853357.4274920854,0,0,0
378624.94857625896,3853357.4274920854,0,0,0
378624.8930586483,3853357.5124479146,0,0,0
378624.8930586483,3853357.5124479146,0,0,0
378624.8395821682,3853357.5927266977,0,0,0
378624.8395821682,3853357.5927266977,0,0,0
378624.77229434025,3853357.6671472816,0,0,0
378624.77229434025,3853357.6671472816,0,0,0
378624.72328978754,3853357.7333252663,0,0,0
378624.72328978754,3853357.7333252663,0,0,0
378624.72328978754,3853357.7333252663,0,0,0
378624.65757874056,3853357.814322951,0,0,0
378624.57320187666,3853357.8934512557,0,0,0
378624.57320187666,3853357.8934512557,0,0,0
378624.51434211084,3853357.996613173,0,0,0
378624.51434211084,3853357.996613173,0,0,0
378624.45110907743,3853358.0848068655,0,0,0
378624.45110907743,3853358.0848068655,0,0,0
378624.39154135744,3853358.176322195,0,0,0
378624.39154135744,3853358.176322195,0,0,0
378624.3436139335,3853358.263589732,0,0,0
378624.3436139335,3853358.263589732,0,0,0
378624.2833060902,3853358.3505685623,0,0,0
378624.2833060902,3853358.3505685623,0,0,0
378624.2273152642,3853358.4296969096,0,0,0
378624.2273152642,3853358.4296969096,0,0,0
378624.1705238676,3853358.526205819,0,0,0
378624.1705238676,3853358.526205819,0,0,0
378624.11900818744,3853358.6095964815,0,0,0
378624.11900818744,3853358.6095964815,0,0,0
378624.05656051065,3853358.691411117,0,0,0
378624.05656051065,3853358.691411117,0,0,0
378624.001350928,3853358.7886271887,0,0,0
378624.001350928,3853358.7886271887,0,0,0
378623.9628363431,3853358.870649067,0,0,0
378623.9628363431,3853358.870649067,0,0,0
378623.9294625311,3853358.9438693635,0,0,0
378623.9294625311,3853358.9438693635,0,0,0
378623.8487305622,3853359.0477917846,0,0,0
378623.8487305622,3853359.0477917846,0,0,0
378623.80049998686,3853359.137484156,0,0,0
378623.80049998686,3853359.137484156,0,0,0
378623.74085501145,3853359.230529986,0,0,0
378623.74085501145,3853359.230529986,0,0,0
378623.7347342807,3853359.279919734,0,0,0
378623.7347342807,3853359.279919734,0,0,0
378623.6399073498,3853359.408983505,0,0,0
378623.6399073498,3853359.408983505,0,0,0
378623.5909064353,3853359.5044392073,0,0,0
378623.5909064353,3853359.5044392073,0,0,0
378623.5410825615,3853359.5998051628,0,0,0
378623.5410825615,3853359.5998051628,0,0,0
378623.50020789326,3853359.6931171785,0,0,0
378623.50020789326,3853359.6931171785,0,0,0
378623.4648637905,3853359.7853625095,0,0,0
378623.4648637905,3853359.7853625095,0,0,0
378623.39787172916,3853359.887253977,0,0,0
378623.39787172916,3853359.887253977,0,0,0
378623.36585681257,3853359.9770744126,0,0,0
378623.36585681257,3853359.9770744126,0,0,0
378623.36585681257,3853359.9770744126,0,0,0
378623.3229483008,3853360.067930557,0,0,0
378623.2747766047,3853360.165550778,0,0,0
378623.2747766047,3853360.165550778,0,0,0
378623.21085969475,3853360.259144431,0,0,0
378623.21085969475,3853360.259144431,0,0,0
378623.16890311474,3853360.3542676624,0,0,0
378623.16890311474,3853360.3542676624,0,0,0
378623.11458810704,3853360.453566413,0,0,0
378623.11458810704,3853360.453566413,0,0,0
378623.063250614,3853360.534153798,0,0,0
378623.063250614,3853360.534153798,0,0,0
378623.03272692556,3853360.624041937,0,0,0
378623.03272692556,3853360.624041937,0,0,0
378623.0030613293,3853360.724382171,0,0,0
378623.0030613293,3853360.724382171,0,0,0
378622.9805178618,3853360.8131692363,0,0,0
378622.9805178618,3853360.8131692363,0,0,0
378622.9252972338,3853360.93351515,0,0,0
378622.9252972338,3853360.93351515,0,0,0
378622.8883876106,3853361.027127281,0,0,0
378622.8883876106,3853361.027127281,0,0,0
378622.84405153786,3853361.1239017877,0,0,0
378622.84405153786,3853361.1239017877,0,0,0
378622.7985135901,3853361.2262687194,0,0,0
378622.7985135901,3853361.2262687194,0,0,0
378622.76802009594,3853361.314383391,0,0,0
378622.76802009594,3853361.314383391,0,0,0
378622.7259713726,3853361.4264366506,0,0,0
378622.7259713726,3853361.4264366506,0,0,0
378622.7018558408,3853361.511048153,0,0,0
378622.7018558408,3853361.511048153,0,0,0
378622.6573679092,3853361.608639418,0,0,0
378622.6573679092,3853361.608639418,0,0,0
378622.6151568729,3853361.707442816,0,0,0
378622.6151568729,3853361.707442816,0,0,0
378622.61076773616,3853361.7824648763,0,0,0
378622.61076773616,3853361.7824648763,0,0,0
378622.55897766864,3853361.872397868,0,0,0
378622.55897766864,3853361.872397868,0,0,0
378622.53061479237,3853361.9691080214,0,0,0
378622.53061479237,3853361.9691080214,0,0,0
378622.5060579539,3853362.053679605,0,0,0
378622.5060579539,3853362.053679605,0,0,0
378622.46356170555,3853362.1584104043,0,0,0
378622.46356170555,3853362.1584104043,0,0,0
378622.4345990528,3853362.260671006,0,0,0
378622.4345990528,3853362.260671006,0,0,0
378622.40784434415,3853362.3593259994,0,0,0
378622.40784434415,3853362.3593259994,0,0,0
378622.3791065098,3853362.447842628,0,0,0
378622.3791065098,3853362.447842628,0,0,0
378622.3791065098,3853362.447842628,0,0,0
378622.34408265527,3853362.551087194,0,0,0
378622.30018861685,3853362.6420000796,0,0,0
378622.30018861685,3853362.6420000796,0,0,0
378622.2617782587,3853362.7281235023,0,0,0
378622.2617782587,3853362.7281235023,0,0,0
378622.2617782587,3853362.7281235023,0,0,0
378622.2302153405,3853362.827884425,0,0,0
378622.19341772154,3853362.93262442,0,0,0
378622.19341772154,3853362.93262442,0,0,0
378622.17306458915,3853363.011893353,0,0,0
378622.17306458915,3853363.011893353,0,0,0
378622.1351243985,3853363.103692328,0,0,0
378622.1351243985,3853363.103692328,0,0,0
378622.1138028559,3853363.1747457553,0,0,0
378622.1138028559,3853363.1747457553,0,0,0
378622.0824068674,3853363.2654408826,0,0,0
378622.0824068674,3853363.2654408826,0,0,0
378622.0594148817,3853363.348670056,0,0,0
378622.0594148817,3853363.348670056,0,0,0
378622.025598108,3853363.4458403112,0,0,0
378622.025598108,3853363.4458403112,0,0,0
378622.01245535305,3853363.5239507915,0,0,0
378622.01245535305,3853363.5239507915,0,0,0
378621.97797419876,3853363.61359282,0,0,0
378621.97797419876,3853363.61359282,0,0,0
378621.9514214073,3853363.68874003,0,0,0
378621.9514214073,3853363.68874003,0,0,0
378621.91579952225,3853363.777882291,0,0,0
378621.91579952225,3853363.777882291,0,0,0
378621.8972162613,3853363.829274346,0,0,0
378621.8972162613,3853363.829274346,0,0,0
378621.8964151008,3853363.8453695565,0,0,0
378621.8964151008,3853363.8453695565,0,0,0
378621.8875276315,3853363.862469855,0,0,0
378621.8875276315,3853363.862469855,0,0,0
378621.8848970125,3853363.870254059,0,0,0
378621.8848970125,3853363.870254059,0,0,0
378621.8838490149,3853363.8745760936,0,0,0
378621.8838490149,3853363.8745760936,0,0,0
378621.8833971464,3853363.8793498077,0,0,0
378621.8833971464,3853363.8793498077,0,0,0
378621.87709614873,3853363.882533224,0,0,0
378621.87709614873,3853363.882533224,0,0,0
378621.87610525393,3853363.8810201436,0,0,0
378621.87610525393,3853363.8810201436,0,0,0
378621.8799028046,3853363.873838432,0,0,0
378621.8799028046,3853363.873838432,0,0,0
378621.88010177587,3853363.8743800274,0,0,0
378621.88010177587,3853363.8743800274,0,0,0
378621.8780248832,3853363.8714090507,0,0,0
378621.8780248832,3853363.8714090507,0,0,0
378621.87946881494,3853363.873262277,0,0,0
378621.87946881494,3853363.873262277,0,0,0
378621.8799837075,3853363.8692372744,0,0,0
378621.8799837075,3853363.8692372744,0,0,0
378621.88352014427,3853363.8642456853,0,0,0
378621.88352014427,3853363.8642456853,0,0,0
378621.8840957893,3853363.862255389,0,0,0
378621.8840957893,3853363.862255389,0,0,0
378621.884551271,3853363.8602566174,0,0,0
378621.884551271,3853363.8602566174,0,0,0
378621.8854549597,3853363.8601851757,0,0,0
378621.8854549597,3853363.8601851757,0,0,0
